City,Lat,Lng,Max Temp,Humidity,Cloudiness,Wind Speed,Country,Date
gurupi,-11.7292,-49.0686,72.52,38,0,3.91,BR,1658977841
sinop,41.7711,34.8709,60.33,51,0,5.08,TR,1658977841
funtua,11.5233,7.3081,70.47,90,100,9.66,NG,1658977842
aykhal,66.0,111.5,81.46,59,28,12.21,RU,1658977842
kiunga,-6.1219,141.2906,80.37,88,81,4.34,PG,1658977842
albany,42.6001,-73.9662,70.59,78,92,2.1,US,1658977593
jamestown,42.097,-79.2353,72.99,73,100,6.91,US,1658977843
kalevala,65.2,31.1667,57.47,86,27,5.84,RU,1658977843
tual,-5.6667,132.75,79.14,83,46,21.41,ID,1658977844
bluff,-46.6,168.3333,47.8,86,100,12.1,NZ,1658977844
amapa,1.0,-52.0,70.81,95,16,1.68,BR,1658977844
kahului,20.8947,-156.47,84.22,65,20,23.02,US,1658977796
rikitea,-23.1203,-134.9692,73.99,68,100,16.82,PF,1658977762
saldanha,-33.0117,17.9442,54.1,69,0,5.88,ZA,1658977845
bundaberg,-24.85,152.35,71.22,53,0,1.99,AU,1658977845
kazachinskoye,57.6953,93.2761,63.1,78,100,3.98,RU,1658977845
mataura,-46.1927,168.8643,47.48,98,100,3.31,NZ,1658977846
haines junction,60.7522,-137.5108,48.06,87,100,1.63,CA,1658977846
lata,40.1629,-8.3327,54.99,92,0,1.95,PT,1658977824
tiksi,71.6872,128.8694,68.29,60,89,6.26,RU,1658977847
punta arenas,-53.15,-70.9167,39.31,75,20,26.46,CL,1658977756
yellowknife,62.456,-114.3525,66.56,68,89,11.99,CA,1658977847
kapaa,22.0752,-159.319,84.18,76,20,16.11,US,1658977577
new norfolk,-42.7826,147.0587,53.1,73,97,3.0,AU,1658977573
ilulissat,69.2167,-51.1,44.62,93,100,1.14,GL,1658977725
qaanaaq,77.484,-69.3632,36.99,92,43,1.5,GL,1658977848
namibe,-15.1961,12.1522,61.59,79,79,6.98,AO,1658977848
mpanda,-6.3655,31.0409,62.24,66,6,1.28,TZ,1658977848
zemio,5.0314,25.1361,68.29,98,100,2.62,CF,1658977849
ushuaia,-54.8,-68.3,40.66,81,75,18.41,AR,1658977764
saint-philippe,-21.3585,55.7679,67.59,84,34,8.7,RE,1658977849
souillac,-20.5167,57.5167,68.36,86,25,10.2,MU,1658977849
mar del plata,-38.0023,-57.5575,51.1,57,100,15.99,AR,1658977582
victoria,22.2855,114.1577,93.04,72,0,5.01,HK,1658977688
antalaha,-14.9003,50.2788,67.57,91,100,5.03,MG,1658977850
mackay,-21.15,149.2,73.69,53,0,15.61,AU,1658977847
port alfred,-33.5906,26.891,64.04,80,86,19.44,ZA,1658977850
busselton,-33.65,115.3333,62.35,68,33,12.97,AU,1658977851
tessalit,20.1986,1.0114,93.85,21,72,10.13,ML,1658977851
nikolskoye,59.7035,30.7861,57.79,88,0,3.67,RU,1658977840
castro,-24.7911,-50.0119,56.73,81,99,2.24,BR,1658977851
los llanos de aridane,28.6585,-17.9182,70.12,93,20,18.41,ES,1658977852
tuktoyaktuk,69.4541,-133.0374,48.2,87,100,14.97,CA,1658977572
georgetown,5.4112,100.3354,87.73,73,20,8.05,MY,1658977852
donskoye,45.4552,41.9741,68.13,70,1,6.35,RU,1658977852
upernavik,72.7868,-56.1549,40.28,84,100,1.92,GL,1658977853
hobart,-42.8794,147.3294,53.46,63,40,12.66,AU,1658977676
narsaq,60.9167,-46.05,46.62,85,14,2.84,GL,1658977853
vaini,-21.2,-175.2,78.96,83,20,10.36,TO,1658977853
athabasca,54.7169,-113.2854,72.9,69,18,6.76,CA,1658977854
hinton,53.4001,-117.5857,74.66,56,49,5.7,CA,1658977854
saskylakh,71.9167,114.0833,72.77,55,78,9.71,RU,1658977854
chokurdakh,70.6333,147.9167,61.14,34,98,14.07,RU,1658977855
oussouye,12.485,-16.5469,78.6,84,89,5.61,SN,1658977855
cape town,-33.9258,18.4232,59.38,76,0,3.4,ZA,1658977833
bull savanna,17.8868,-77.5902,76.35,85,57,5.46,JM,1658977855
vung tau,10.346,107.0843,83.12,74,61,1.99,VN,1658977856
vila franca do campo,37.7167,-25.4333,73.81,93,77,3.38,PT,1658977856
meulaboh,4.1363,96.1285,81.95,72,93,1.63,ID,1658977856
atuona,-9.8,-139.0333,77.47,73,27,23.67,PF,1658977857
kimberley,-28.7323,24.7623,52.23,67,31,15.84,ZA,1658977857
pangkalanbuun,-2.6833,111.6167,84.85,68,91,3.71,ID,1658977857
adrar,20.5022,-10.0711,95.29,10,0,8.84,MR,1658977858
isla mujeres,21.2311,-86.731,82.45,79,7,12.91,MX,1658977858
sitka,57.0531,-135.33,60.69,72,100,5.75,US,1658977837
yulara,-25.2406,130.9889,61.29,19,10,14.32,AU,1658977858
lodwar,3.1191,35.5973,76.59,58,97,12.35,KE,1658977859
xinzhi,36.4989,111.7047,83.89,42,0,3.69,CN,1658977859
port elizabeth,-33.918,25.5701,60.1,100,100,0.0,ZA,1658977859
goma,-1.6792,29.2228,64.35,76,66,2.01,CD,1658977860
vao,-22.6667,167.4833,69.33,68,100,8.43,NC,1658977860
bambous virieux,-20.3428,57.7575,68.22,79,46,10.83,MU,1658977860
lazaro cardenas,17.9583,-102.2,80.42,78,100,3.06,MX,1658977861
yuli,9.6989,10.2744,71.1,98,100,3.94,NG,1658977861
thompson,55.7435,-97.8558,53.49,91,100,3.78,CA,1658977756
arraial do cabo,-22.9661,-42.0278,69.64,80,0,23.89,BR,1658977862
khatanga,71.9667,102.5,71.17,46,92,3.42,RU,1658977862
cherskiy,68.75,161.3,55.17,47,100,6.33,RU,1658977569
pevek,69.7008,170.3133,35.96,87,96,5.32,RU,1658977747
severo-kurilsk,50.6789,156.125,55.35,87,96,6.58,RU,1658977863
padang,-0.9492,100.3543,82.45,58,25,2.66,ID,1658977661
isangel,-19.55,169.2667,73.51,94,100,2.3,VU,1658977863
puerto ayora,-0.7393,-90.3518,69.55,94,98,7.0,EC,1658977864
geraldton,-28.7667,114.6,64.81,77,100,9.22,AU,1658977864
hermanus,-34.4187,19.2345,53.8,81,0,12.26,ZA,1658977702
safaga,26.7292,33.9365,85.53,35,60,5.95,EG,1658977865
butaritari,3.0707,172.7902,82.09,77,8,13.44,KI,1658977865
east london,-33.0153,27.9116,63.68,78,100,11.07,ZA,1658977866
vanimo,-2.6741,141.3028,84.85,71,59,9.22,PG,1658977866
red wing,44.5625,-92.5338,72.84,55,0,3.44,US,1658977866
waingapu,-9.6567,120.2641,83.52,57,48,19.3,ID,1658977867
bredasdorp,-34.5322,20.0403,48.07,92,0,5.61,ZA,1658977867
clyde river,70.4692,-68.5914,37.63,100,100,6.91,CA,1658977867
poum,-20.2333,164.0167,73.69,67,100,13.11,NC,1658977868
cabedelo,-6.9811,-34.8339,72.27,81,77,9.95,BR,1658977868
iqaluit,63.7506,-68.5145,50.7,66,98,3.0,CA,1658977868
noumea,-22.2763,166.4572,78.78,99,100,7.81,NC,1658977720
gisborne,-38.6533,178.0042,60.75,69,11,10.11,NZ,1658977869
preobrazheniye,42.9019,133.9064,75.88,80,32,7.16,RU,1658977869
luderitz,-26.6481,15.1594,54.07,76,0,1.28,NA,1658977870
skjervoy,70.0311,20.9714,50.0,86,100,12.46,NO,1658977870
pocone,-16.2567,-56.6228,73.2,35,0,3.4,BR,1658977870
chuy,-33.6971,-53.4616,59.25,98,100,6.38,UY,1658977871
ambilobe,-13.2,49.05,62.82,91,6,3.4,MG,1658977871
hami,42.8,93.45,91.87,10,0,9.78,CN,1658977872
hithadhoo,-0.6,73.0833,82.42,73,100,12.26,MV,1658977872
bengkulu,-3.8004,102.2655,83.39,67,59,1.36,ID,1658977872
deputatskiy,69.3,139.9,62.04,40,84,5.37,RU,1658977873
kavieng,-2.5744,150.7967,84.92,71,18,17.94,PG,1658977873
ahipara,-35.1667,173.1667,57.63,85,55,15.05,NZ,1658977873
sao joao da barra,-21.6403,-41.0511,68.7,84,0,10.63,BR,1658977874
barrow,71.2906,-156.7887,33.82,100,100,13.8,US,1658977874
mayo,38.8876,-76.5119,82.81,87,0,3.44,US,1658977771
hambantota,6.1241,81.1185,80.51,74,90,5.23,LK,1658977875
kazanskoye,55.6448,69.235,61.21,87,97,14.03,RU,1658977875
maun,-19.9833,23.4167,52.66,45,0,4.76,BW,1658977875
weligama,5.9667,80.4167,78.62,84,91,8.48,LK,1658977711
lebu,-37.6167,-73.65,48.76,84,23,5.41,CL,1658977754
phultala,22.7,89.5167,86.97,66,100,5.7,BD,1658977876
norman wells,65.282,-126.8329,63.5,53,100,1.48,CA,1658977876
kaitangata,-46.2817,169.8464,44.92,94,100,7.63,NZ,1658977877
aginskoye,51.1,114.53,67.51,56,93,11.05,RU,1658977877
touros,-5.1989,-35.4608,73.0,86,17,11.52,BR,1658977877
nome,64.5011,-165.4064,54.16,82,75,12.66,US,1658977700
pisco,-13.7,-76.2167,59.05,82,20,3.44,PE,1658977878
chapais,49.7834,-74.8492,59.81,92,100,3.56,CA,1658977878
pacific grove,36.6177,-121.9166,66.54,86,75,5.75,US,1658977879
grindavik,63.8424,-22.4338,48.67,93,75,19.57,IS,1658977879
plettenberg bay,-34.0527,23.3716,55.45,74,0,5.82,ZA,1658977879
cayenne,4.9333,-52.3333,76.08,1,0,0.0,GF,1658977880
komsomolskiy,40.4272,71.7189,86.72,32,4,4.61,UZ,1658977880
bethel,41.3712,-73.414,74.48,80,0,0.0,US,1658977881
hofn,64.2539,-15.2082,53.33,99,100,21.34,IS,1658977881
constitucion,-35.3333,-72.4167,48.24,76,6,4.7,CL,1658977881
nantucket,41.2835,-70.0995,73.99,88,0,5.75,US,1658977882
khaniotis,39.9991,23.58,79.88,61,0,6.11,GR,1658977882
belmonte,-15.8631,-38.8828,69.49,78,1,5.03,BR,1658977883
katsuura,35.1333,140.3,83.19,78,68,12.08,JP,1658977883
vrangel,42.7297,133.0839,73.08,86,34,3.6,RU,1658977883
malanje,-9.5402,16.341,58.3,77,100,3.65,AO,1658977884
badami,15.915,75.6768,81.05,64,90,4.34,IN,1658977634
tasiilaq,65.6145,-37.6368,41.16,96,90,6.76,GL,1658977884
kerman,30.2832,57.0788,73.26,68,20,4.61,IR,1658977884
hilo,19.7297,-155.09,86.29,78,40,9.22,US,1658977885
bonthe,7.5264,-12.505,74.1,91,76,5.95,SL,1658977885
alofi,-19.0595,-169.9187,76.89,83,75,11.5,NU,1658977885
iquitos,-3.7481,-73.2472,71.64,100,75,2.3,PE,1658977886
cidreira,-30.1811,-50.2056,60.82,88,100,5.84,BR,1658977886
avarua,-21.2078,-159.775,77.05,69,37,14.97,CK,1658977828
sorland,67.667,12.6934,49.86,78,24,12.41,NO,1658977886
pyapon,16.2833,95.6833,87.01,65,42,7.81,MM,1658977887
ponta do sol,32.6667,-17.1,72.72,74,0,5.3,PT,1658977679
wattegama,6.7989,81.4808,81.18,71,82,0.56,LK,1658977887
homer,59.6425,-151.5483,66.78,68,0,11.99,US,1658977678
sioux lookout,50.1001,-91.917,54.18,96,100,8.23,CA,1658977842
kandrian,-6.2167,149.55,86.04,67,32,13.44,PG,1658977888
richards bay,-28.783,32.0377,63.43,89,88,5.66,ZA,1658977888
puerto carreno,6.189,-67.4859,75.4,91,100,7.25,CO,1658977889
nabire,-3.3667,135.4833,82.36,81,20,2.15,ID,1658977889
lagoa,39.05,-27.9833,71.1,81,0,7.07,PT,1658977889
yumen,40.2833,97.2,88.65,14,68,13.22,CN,1658977823
san carlos,9.6612,-68.5827,71.69,97,69,2.73,VE,1658977890
chicama,-7.8447,-79.1469,57.74,85,41,7.18,PE,1658977890
san ramon de la nueva oran,-23.1322,-64.326,77.43,56,74,1.57,AR,1658977870
nyirvasvari,47.8167,22.1868,59.54,72,70,6.85,HU,1658977891
teknaf,20.8624,92.3058,85.8,69,80,3.76,BD,1658977891
seoul,37.5683,126.9778,90.79,48,15,8.34,KR,1658977872
port hardy,50.6996,-127.4199,63.79,88,70,8.57,CA,1658977891
kalmunai,7.4167,81.8167,81.52,72,85,2.37,LK,1658977616
stokmarknes,68.5646,14.9108,48.18,87,75,8.05,NO,1658977892
noormarkku,61.5927,21.8685,56.98,72,0,6.91,FI,1658977892
mahebourg,-20.4081,57.7,68.25,80,48,11.21,MU,1658977892
la ronge,55.1001,-105.2842,60.1,57,60,4.27,CA,1658977893
san ramon,37.7799,-121.978,76.39,62,0,13.8,US,1658977893
zaidpur,26.8333,81.3333,80.67,65,90,3.94,IN,1658977893
bilma,18.6853,12.9164,83.39,55,81,11.03,NE,1658977894
saint george,37.1041,-113.5841,73.63,76,40,8.05,US,1658977867
faya,18.3851,42.4509,63.12,63,100,4.72,SA,1658977894
warren,39.4334,-84.1666,76.3,83,0,5.75,US,1658977894
howard springs,-12.497,131.047,86.83,41,98,10.63,AU,1658977895
aklavik,68.2191,-135.0107,54.97,57,97,11.25,CA,1658977895
leningradskiy,69.3833,178.4167,39.42,79,94,7.52,RU,1658977896
landau,49.2075,8.1133,62.26,48,99,6.91,DE,1658977896
kushmurun,52.4503,64.6311,64.33,66,57,19.24,KZ,1658977896
tuatapere,-46.1333,167.6833,44.71,94,100,2.73,NZ,1658977896
whakatane,-37.9585,176.9854,60.78,88,81,14.25,NZ,1658977897
san patricio,28.017,-97.5169,84.83,70,4,12.73,US,1658977670
burlington,39.8835,-74.6413,80.83,75,20,6.91,US,1658977897
coihaique,-45.5752,-72.0662,38.01,65,0,3.44,CL,1658977742
santa isabel do rio negro,-0.4139,-65.0192,72.84,94,98,1.63,BR,1658977876
husavik,66.0449,-17.3389,52.9,84,33,9.66,IS,1658977898
yugorsk,61.3133,63.3319,65.88,51,0,3.53,RU,1658977898
bowen,-20.0167,148.2333,66.88,42,0,7.31,AU,1658977899
lavrentiya,65.5833,-171.0,41.95,83,100,7.25,RU,1658977899
camopi,3.1655,-52.3158,71.06,99,100,1.88,GF,1658977899
patrocinio,-18.9439,-46.9925,59.11,55,1,4.5,BR,1658977900
barabinsk,55.3571,78.357,72.43,70,78,5.61,RU,1658977900
khakhea,-24.6895,23.494,59.9,36,79,12.12,BW,1658977900
mishelevka,52.8575,103.1719,68.54,55,99,9.22,RU,1658977901
bagrami,34.4938,69.2743,75.27,68,9,2.89,AF,1658977901
inhapi,-9.2214,-37.7486,61.07,96,0,2.48,BR,1658977901
praia,14.9215,-23.5087,79.34,83,20,1.14,CV,1658977902
kodiak,57.79,-152.4072,56.71,62,0,8.05,US,1658977902
severnyy,50.677,36.5532,66.24,82,0,0.0,RU,1658977902
les cayes,18.2,-73.75,77.23,84,96,3.51,HT,1658977903
rocha,-34.4833,-54.3333,64.53,95,100,9.4,UY,1658977903
san pedro,14.35,121.0167,88.32,74,100,9.46,PH,1658977861
muros,42.7762,-9.0603,61.09,82,90,1.97,ES,1658977903
mayna,54.1135,47.6231,64.38,88,6,4.56,RU,1658977904
samarai,-10.6167,150.6667,78.85,84,82,11.5,PG,1658977904
virginia beach,36.8529,-75.978,82.02,84,75,8.05,US,1658977834
mizdah,31.4451,12.9801,73.06,46,0,1.03,LY,1658977904
port lincoln,-34.7333,135.8667,59.47,64,10,7.4,AU,1658977905
carnarvon,-24.8667,113.6333,73.98,47,100,3.65,AU,1658977867
longyearbyen,78.2186,15.6401,42.64,81,75,17.27,SJ,1658977905
bardiyah,31.7561,25.0865,76.39,79,0,11.7,LY,1658977906
port blair,11.6667,92.75,84.24,79,75,6.91,IN,1658977906
ulladulla,-35.35,150.4667,61.97,50,17,5.84,AU,1658977906
brunswick,41.2381,-81.8418,73.94,90,75,6.91,US,1658977906
george town,5.4112,100.3354,87.73,73,20,8.05,MY,1658977808
sao felix do xingu,-6.6447,-51.995,70.56,56,31,1.7,BR,1658977907
qui nhon,13.7667,109.2333,86.97,65,10,4.0,VN,1658977907
ancud,-41.8697,-73.8203,43.0,92,27,4.09,CL,1658977908
estacion coahuila,32.1939,-115.0017,92.98,31,33,13.31,MX,1658977908
airai,-8.9266,125.4092,69.93,47,12,5.39,TL,1658977908
dikson,73.5069,80.5464,40.51,94,70,13.56,RU,1658977908
moosomin,50.1333,-101.6677,55.58,81,61,8.77,CA,1658977909
belaya gora,68.5333,146.4167,63.32,33,98,13.31,RU,1658977909
anadyr,64.75,177.4833,52.3,87,75,15.66,RU,1658977910
ribeira grande,38.5167,-28.7,72.55,84,30,10.54,PT,1658977871
kruisfontein,-34.0033,24.7314,57.88,91,2,5.01,ZA,1658977910
piacabucu,-10.4056,-36.4344,71.38,86,18,5.55,BR,1658977910
christchurch,-43.5333,172.6333,51.91,91,100,8.05,NZ,1658977895
matara,5.9485,80.5353,78.66,84,96,7.81,LK,1658977711
acapulco,16.8634,-99.8901,80.42,83,75,3.44,MX,1658977911
quime,-16.9833,-67.2167,45.25,62,11,1.21,BO,1658977911
atbasar,51.8,68.3333,70.43,63,8,14.92,KZ,1658977911
guerrero negro,27.9769,-114.0611,68.79,82,57,15.32,MX,1658977912
esperance,-33.8667,121.9,63.28,47,0,17.45,AU,1658977867
pierre,44.3683,-100.351,77.05,54,20,12.66,US,1658977912
carlisle,40.2015,-77.1889,76.98,83,98,4.16,US,1658977705
taoudenni,22.6783,-3.9836,97.23,6,8,16.24,ML,1658977913
fayaoue,-20.65,166.5333,73.31,72,79,16.78,NC,1658977913
faanui,-16.4833,-151.75,78.75,76,13,25.95,PF,1658977910
loiza,18.4313,-65.8802,80.58,81,40,0.0,PR,1658977913
hay river,60.8156,-115.7999,58.6,70,87,5.48,CA,1658977914
bandarbeyla,9.4942,50.8122,77.09,67,100,25.08,SO,1658977914
waldkirchen,48.7327,13.6008,58.06,86,36,3.0,DE,1658977914
hutchinson,38.0608,-97.9298,81.03,72,0,8.05,US,1658977624
fortuna,40.5982,-124.1573,61.92,85,100,11.5,US,1658977915
malakal,9.5334,31.6605,71.19,96,100,2.15,SS,1658977915
manoel urbano,-8.8389,-69.2597,76.21,63,10,1.9,BR,1658977915
sur,22.5667,59.5289,81.05,72,88,15.55,OM,1658977916
manjacaze,-24.7117,33.8828,55.71,93,0,2.04,MZ,1658977916
vestmannaeyjar,63.4427,-20.2734,51.87,74,95,17.25,IS,1658977916
ganzhou,28.8184,115.4327,99.12,39,93,2.82,CN,1658977877
horsham,51.064,-0.3272,60.73,86,0,2.3,GB,1658977917
porto velho,-8.7619,-63.9039,73.45,73,0,1.14,BR,1658977917
roma,43.2128,-75.4557,71.87,84,40,1.01,US,1658977918
gay,51.4666,58.4552,60.66,74,6,9.55,RU,1658977918
trelew,-43.249,-65.3051,40.23,80,2,15.55,AR,1658977620
saint-augustin,51.226,-58.6502,57.69,91,64,7.65,CA,1658977918
clovis,36.8252,-119.7029,95.85,27,75,14.97,US,1658977728
hamilton,39.1834,-84.5333,77.0,90,20,3.44,US,1658977919
itaqui,-29.1253,-56.5531,68.16,84,61,8.16,BR,1658977919
naze,28.3667,129.4833,81.48,82,76,15.68,JP,1658977920
yerbogachen,61.2767,108.0108,73.58,66,45,6.35,RU,1658977920
jasper,37.2001,-94.3502,82.45,74,40,8.05,US,1658977849
klaksvik,62.2266,-6.589,52.72,91,87,14.56,FO,1658977920
labuhan,-6.8844,112.2051,84.9,64,99,7.96,ID,1658977921
nanortalik,60.1432,-45.2371,42.3,85,97,8.34,GL,1658977921
ishinomaki,38.4167,141.3,81.57,76,27,6.87,JP,1658977921
palmer,42.1584,-72.3287,72.01,75,40,0.0,US,1658977915
sisimiut,66.9395,-53.6735,41.68,92,48,1.05,GL,1658977922
agadez,19.75,10.25,84.81,16,44,3.51,NE,1658977922
san andres,12.5847,-81.7006,82.42,100,40,8.05,CO,1658977923
sabla,12.7525,4.7077,80.02,74,100,10.2,NG,1658977923
praia da vitoria,38.7333,-27.0667,72.75,87,64,8.66,PT,1658977923
olinda,-8.0089,-34.8553,71.33,94,75,3.44,BR,1658977922
olavarria,-36.8927,-60.3225,49.01,92,100,15.19,AR,1658977924
krasnoselkup,65.7,82.4667,57.63,68,92,18.07,RU,1658977882
hadgaon,19.5,77.6667,80.38,78,73,3.31,IN,1658977924
koslan,63.4564,48.8989,63.52,59,33,7.2,RU,1658977925
salalah,17.0151,54.0924,77.09,94,100,6.91,OM,1658977925
marathon,44.9,-89.7668,72.64,80,40,5.75,US,1658977925
port shepstone,-30.7414,30.455,64.35,78,100,3.76,ZA,1658977926
hermiston,45.8404,-119.2895,102.02,27,0,4.61,US,1658977926
laguna,38.421,-121.4238,91.31,42,0,8.05,US,1658977926
terney,45.0503,136.6092,72.16,80,51,6.46,RU,1658977927
lalmohan,22.3384,90.7419,86.59,66,94,3.4,BD,1658977927
somerset,40.5668,-74.5496,80.46,75,0,0.0,US,1658977928
jalu,29.0331,21.5482,79.52,51,0,6.11,LY,1658977928
saint-raymond,45.467,-73.6095,73.06,65,20,4.38,CA,1658977840
bathsheba,13.2167,-59.5167,81.21,85,40,19.57,BB,1658977929
milledgeville,33.0801,-83.2321,81.48,84,98,5.53,US,1658977929
dauphin,51.1494,-100.0502,54.05,92,77,6.69,CA,1658977929
bay roberts,47.5999,-53.2648,64.06,93,11,4.0,CA,1658977930
sao filipe,14.8961,-24.4956,78.17,89,89,3.62,CV,1658977680
tezu,27.9167,96.1667,78.28,97,100,1.01,IN,1658977930
lunenburg,44.3835,-64.3155,67.08,75,82,5.53,CA,1658977931
tongren,27.7172,109.1853,89.29,64,91,2.77,CN,1658977931
talnakh,69.4865,88.3972,58.21,63,93,11.88,RU,1658977931
caluquembe,-13.7833,14.6833,53.15,42,71,1.41,AO,1658977932
loa janan,-0.583,117.095,80.92,85,100,2.91,ID,1658977932
hazorasp,41.3194,61.0742,78.64,28,2,9.66,UZ,1658977933
mitsamiouli,-11.3847,43.2844,75.51,69,45,5.86,KM,1658977933
san quintin,30.4833,-115.95,67.5,85,8,11.54,MX,1658977934
mercedes,-34.6515,-59.4307,61.65,94,100,12.55,AR,1658977934
ixtapa,20.7,-105.2,80.22,94,75,5.75,MX,1658977934
lorengau,-2.0226,147.2712,83.88,75,46,13.13,PG,1658977935
soloneshnoye,51.6544,84.3197,73.33,53,37,2.8,RU,1658977935
ust-nera,64.5667,143.2,72.84,41,91,2.17,RU,1658977936
qaqortoq,60.7167,-46.0333,41.97,87,14,2.86,GL,1658977936
torbay,47.6666,-52.7314,63.28,91,100,18.41,CA,1658977936
estelle,29.8458,-90.1067,84.97,76,40,8.05,US,1658977937
qeshm,26.9581,56.2719,87.67,74,100,22.17,IR,1658977937
umm kaddadah,13.6017,26.6876,76.64,70,98,8.3,SD,1658977938
benghazi,32.1167,20.0667,79.54,78,0,6.33,LY,1658977938
quatre cocos,-20.2078,57.7625,68.09,80,28,10.25,MU,1658977938
fare,-16.7,-151.0167,78.35,76,10,25.7,PF,1658977939
coolum beach,-26.5333,153.1,69.12,53,4,6.26,AU,1658977939
huarmey,-10.0681,-78.1522,62.69,86,27,9.78,PE,1658977940
emerald,-23.5333,148.1667,64.35,46,0,13.94,AU,1658977940
taitung,22.7583,121.1444,91.67,62,20,8.05,TW,1658977940
catio,11.2833,-15.25,76.28,87,87,4.79,GW,1658977941
novyy urgal,51.0736,132.5642,81.97,60,100,1.52,RU,1658977941
obo,5.3998,26.4869,67.1,98,100,2.26,CF,1658977879
kingston,17.997,-76.7936,81.55,89,20,5.75,JM,1658977718
black river,18.0264,-77.8487,78.71,84,39,3.76,JM,1658977942
ban nahin,18.2418,104.2122,91.22,58,25,2.93,LA,1658977942
ichinohe,40.2069,141.3017,87.66,50,39,3.98,JP,1658977943
craig,40.5153,-107.5464,76.62,52,0,0.0,US,1658977886
tombouctou,20.0,-3.0,94.14,9,0,9.6,ML,1658977943
mugur-aksy,50.35,90.5,58.51,50,100,2.15,RU,1658977943
raseiniai,55.3736,23.1217,50.43,94,33,8.48,LT,1658977944
aksehir,38.3575,31.4164,66.96,40,0,4.12,TR,1658977944
east wenatchee bench,47.4257,-120.2812,99.59,26,0,14.97,US,1658977944
vaasa,63.096,21.6158,54.95,71,0,8.05,FI,1658977945
medicine hat,50.0501,-110.6683,73.22,40,4,5.41,CA,1658977945
buala,-8.145,159.5921,85.46,66,15,8.1,SB,1658977945
pangnirtung,66.1451,-65.7125,53.87,69,100,1.5,CA,1658977946
mgandu,-5.95,34.1333,55.42,82,72,7.43,TZ,1658977756
labrea,-7.2586,-64.7981,74.19,51,0,1.97,BR,1658977663
alice springs,-23.7,133.8833,60.35,23,2,13.8,AU,1658977946
bage,-31.3314,-54.1069,67.78,83,0,13.8,BR,1658977947
karratha,-20.7377,116.8463,79.48,32,0,16.71,AU,1658977947
plouzane,48.3833,-4.6167,57.25,97,0,3.44,FR,1658977947
beringovskiy,63.05,179.3167,48.61,93,100,3.06,RU,1658977948
mongoumba,3.6415,18.5936,70.07,98,100,1.07,CF,1658977880
saint-pierre,-21.3393,55.4781,68.92,68,0,6.91,RE,1658977948
erzin,36.9559,36.2,75.85,52,0,2.17,TR,1658977948
port-gentil,-0.7193,8.7815,74.84,80,99,13.98,GA,1658977949
astoria,46.1879,-123.8313,63.55,90,100,5.75,US,1658977949
fairbanks,64.8378,-147.7164,61.61,60,75,12.66,US,1658977803
hasaki,35.7333,140.8333,95.29,79,76,16.11,JP,1658977898
san fernando,15.0286,120.6898,91.13,69,98,4.09,PH,1658977950
usinsk,65.9939,57.5281,64.17,55,59,13.29,RU,1658977950
asau,46.4333,26.4,61.72,86,10,4.03,RO,1658977950
viedma,-40.8135,-62.9967,44.53,86,65,8.46,AR,1658977951
soe,-9.8607,124.284,75.47,49,31,11.34,ID,1658977951
voskresenskoye,56.8381,45.4317,64.42,85,92,4.65,RU,1658977951
dongsheng,39.8161,109.9776,77.34,35,0,7.27,CN,1658977952
abu samrah,35.3029,37.1841,76.62,43,0,5.79,SY,1658977952
tutoia,-2.7619,-42.2744,76.05,90,17,8.03,BR,1658977952
pendleton,45.6721,-118.7886,99.79,25,91,11.99,US,1658977822
westport,41.1415,-73.3579,76.01,87,0,6.91,US,1658977683
pindushi,62.9152,34.58,59.86,83,94,4.81,RU,1658977953
jijiga,9.35,42.8,60.12,70,22,13.78,ET,1658977953
bosaso,11.2842,49.1816,87.82,40,69,26.66,SO,1658977953
alta floresta,-9.8756,-56.0861,69.94,44,0,3.49,BR,1658977954
provideniya,64.3833,-173.3,44.71,100,100,6.71,RU,1658977826
shenjiamen,29.9576,122.298,82.89,79,3,14.25,CN,1658977954
odawara,35.2556,139.1597,93.04,73,25,12.55,JP,1658977895
tiruchchendur,8.4833,78.1167,84.49,68,56,4.18,IN,1658977955
locri,38.2414,16.2623,78.31,64,0,7.65,IT,1658977955
college,64.8569,-147.8028,61.59,60,75,12.66,US,1658977896
domoni,-12.2569,44.5319,73.31,72,3,9.73,KM,1658977955
miri,4.4148,114.0089,84.54,66,99,1.41,MY,1658977956
quelimane,-17.8786,36.8883,60.49,81,0,2.75,MZ,1658977956
cortez,37.3489,-108.5859,72.36,57,75,5.75,US,1658977956
dwarka,22.2394,68.9678,82.71,76,89,9.08,IN,1658977957
kudahuvadhoo,2.6708,72.8944,82.49,74,99,14.81,MV,1658977957
tigil,57.8,158.6667,57.24,89,100,3.0,RU,1658977958
vallenar,-28.5708,-70.7581,60.35,60,89,0.83,CL,1658977958
tomatlan,19.9333,-105.25,78.33,83,100,1.34,MX,1658977958
diego de almagro,-26.3667,-70.05,56.1,57,100,0.81,CL,1658977959
ngunguru,-35.6167,174.5,59.22,80,83,16.42,NZ,1658977959
cururupu,-1.8283,-44.8683,73.72,89,37,2.04,BR,1658977959
bestobe,52.4994,73.0975,74.91,51,95,8.59,KZ,1658977960
santa maria,-29.6842,-53.8069,65.07,89,96,4.56,BR,1658977744
stadtallendorf,50.8333,9.0167,53.69,79,100,5.03,DE,1658977960
teguldet,57.3064,88.1667,70.41,53,51,3.58,RU,1658977960
cairns,-16.9167,145.7667,79.07,66,75,19.57,AU,1658977961
mabaruma,8.2,-59.7833,74.16,93,0,2.71,GY,1658977961
lourdes,43.1,-0.05,56.68,88,0,4.61,FR,1658977961
port moresby,-9.4431,147.1797,81.34,77,85,18.75,PG,1658977962
korla,41.7597,86.1469,93.29,13,0,8.16,CN,1658977962
santa fe,-31.6333,-60.7,59.02,84,100,14.0,AR,1658977691
ibra,22.6906,58.5334,76.46,73,82,7.0,OM,1658977963
lompoc,34.6391,-120.4579,68.77,85,100,12.66,US,1658977910
port hueneme,34.1478,-119.1951,79.79,83,75,9.22,US,1658977948
ponta pora,-22.5361,-55.7256,67.98,42,12,6.22,BR,1658977963
upington,-28.4478,21.2561,54.1,36,0,6.78,ZA,1658977964
choix,26.7092,-108.3219,83.14,65,96,3.2,MX,1658977964
sharkan,57.2989,53.8712,60.57,72,27,5.53,RU,1658977964
xining,36.6167,101.7667,68.61,39,3,0.65,CN,1658977964
marawi,7.9986,124.2928,79.3,77,79,1.88,PH,1658977965
caravelas,-17.7125,-39.2481,67.82,85,24,2.26,BR,1658977965
sao jose da coroa grande,-8.8978,-35.1478,72.28,87,69,4.88,BR,1658977965
thinadhoo,0.5333,72.9333,83.17,72,95,13.62,MV,1658977966
hwange,-18.3693,26.5019,55.74,66,0,1.48,ZW,1658977966
ayagoz,47.9714,80.4392,86.85,18,15,17.76,KZ,1658977966
daru,-9.0763,143.2092,78.15,88,45,19.35,PG,1658977967
anju,39.6178,125.6647,85.14,60,75,9.28,KP,1658977967
lapua,62.9693,23.0088,53.35,87,73,3.85,FI,1658977967
banda aceh,5.5577,95.3222,82.11,74,91,4.88,ID,1658977936
dargaville,-35.9333,173.8833,56.03,90,69,13.89,NZ,1658977968
whitehorse,60.7161,-135.0538,60.1,55,100,4.0,CA,1658977968
azare,11.6765,10.1948,75.79,78,98,5.28,NG,1658977969
aripuana,-9.1667,-60.6333,72.99,47,5,1.05,BR,1658977969
warrington,53.3925,-2.5802,60.87,95,100,6.91,GB,1658977969
jinchang,38.4953,102.1739,85.8,16,25,4.12,CN,1658977970
tyukalinsk,55.8732,72.1967,63.75,92,100,11.1,RU,1658977970
sola,-13.8833,167.55,79.88,78,100,10.49,VU,1658977970
semey,50.4111,80.2275,75.42,50,75,15.66,KZ,1658977971
cheremushskiy,61.2731,47.2636,65.39,75,36,6.8,RU,1658977971
sinazongwe,-17.2614,27.4618,59.65,66,0,5.14,ZM,1658977971
markova,48.6758,24.4138,55.02,84,39,2.89,UA,1658977972
puerto escondido,15.85,-97.0667,79.07,85,89,3.71,MX,1658977972
morant bay,17.8815,-76.4093,82.02,83,24,7.14,JM,1658977972
helsinki,60.1695,24.9355,55.96,91,20,3.44,FI,1658977857
san bartolome,27.9248,-15.5733,64.31,76,20,26.46,ES,1658977973
raduzhnyy,62.0961,77.475,61.21,63,73,11.92,RU,1658977973
kishi,9.0833,3.85,70.9,95,100,8.25,NG,1658977973
nanhai,30.1282,111.7784,82.33,77,97,4.38,CN,1658977746
kota belud,6.351,116.4305,85.64,67,79,4.92,MY,1658977974
krasnokholm,51.5979,54.1567,69.57,73,1,7.05,RU,1658977974
aswan,24.0934,32.907,84.56,20,21,7.87,EG,1658977975
tari,12.4086,4.4914,79.41,76,100,8.16,NG,1658977975
srednekolymsk,67.45,153.6833,57.13,42,99,10.45,RU,1658977975
nadym,65.5333,72.5167,63.63,52,31,9.55,RU,1658977976
aranos,-24.1333,19.1167,60.85,23,67,9.91,NA,1658977976
mgachi,51.05,142.2667,70.79,56,26,5.41,RU,1658977976
vila velha,-20.3297,-40.2925,65.95,90,20,1.14,BR,1658977977
yar-sale,66.8333,70.8333,62.74,60,98,11.88,RU,1658977977
kendal,54.3268,-2.7476,59.11,97,100,2.84,GB,1658977977
shingu,33.7333,135.9833,85.21,71,41,6.55,JP,1658977758
lubumbashi,-11.6609,27.4794,51.44,67,90,3.78,CD,1658977978
pitsunda,43.1592,40.3378,64.58,71,0,4.03,GE,1658977978
codrington,-38.2667,141.9667,50.43,84,100,10.47,AU,1658977978
apatity,67.5641,33.4031,54.54,85,59,5.28,RU,1658977979
manta,-0.95,-80.7333,71.38,88,100,9.22,EC,1658977979
almaznyy,48.0448,40.045,68.65,67,1,5.5,RU,1658977980
moose factory,51.2585,-80.6094,62.58,100,100,3.44,CA,1658977980
taga,46.95,24.05,59.32,87,68,2.95,RO,1658977980
lanzhou,36.0564,103.7922,81.41,28,4,0.36,CN,1658977981
broome,42.2506,-75.833,72.64,87,83,1.99,US,1658977981
wilmington,34.2257,-77.9447,82.31,79,0,9.22,US,1658977981
pelym,61.0108,61.9978,66.67,53,56,4.23,RU,1658977982
trapani,37.8333,12.6667,77.88,72,0,7.09,IT,1658977982
zabol,32.25,67.25,73.98,66,69,14.79,AF,1658977983
tura,25.5198,90.2201,80.82,84,53,4.29,IN,1658977983
jeremie,18.65,-74.1167,80.33,80,79,2.53,HT,1658977984
batagay-alyta,67.8006,130.4114,81.57,41,28,1.99,RU,1658977984
totness,5.8833,-56.3167,77.72,86,100,4.99,SR,1658977984
nouadhibou,20.931,-17.0347,71.67,77,5,30.18,MR,1658977985
klichka,50.4457,117.996,70.95,62,60,4.14,RU,1658977986
joshimath,30.5667,79.5667,72.27,89,99,1.86,IN,1658977987
sterling,39.0062,-77.4286,80.15,89,20,5.99,US,1658977931
izhma,65.0083,53.9113,64.45,50,26,7.38,RU,1658977987
sibolga,1.7427,98.7792,85.6,57,32,2.71,ID,1658977987
gjellerup kirkeby,56.1434,9.0499,53.47,76,100,12.66,DK,1658977988
khorixas,-20.3667,14.9667,56.03,28,57,1.68,NA,1658977988
kutum,14.2,24.6667,73.04,63,89,5.61,SD,1658977988
orsta,62.2029,6.1272,48.22,100,20,0.0,NO,1658977989
havoysund,70.9963,24.6622,48.43,87,100,21.3,NO,1658977989
kjopsvik,68.097,16.3742,48.07,86,100,5.37,NO,1658977989
pangody,65.85,74.4859,61.38,58,2,11.48,RU,1658977990
poso,-1.3959,120.7524,86.27,61,64,3.29,ID,1658977990
goderich,43.7501,-81.7165,69.91,87,0,9.06,CA,1658977991
weihai,37.5017,122.1136,80.51,82,90,11.18,CN,1658977991
biltine,14.5333,20.9167,73.27,78,100,10.6,TD,1658977991
shahrud,36.4182,54.9763,78.15,48,61,9.06,IR,1658977992
champasak,14.75,106.0,85.95,70,35,1.79,LA,1658977992
ganta,7.3022,-8.5308,68.23,99,100,3.53,LR,1658977992
yuzhno-kurilsk,44.0306,145.8556,66.87,85,61,8.66,RU,1658977993
te anau,-45.4167,167.7167,41.85,98,100,1.5,NZ,1658977898
bairiki,1.3292,172.9752,86.0,70,40,13.8,KI,1658977993
loano,44.133,8.2513,77.88,80,7,3.0,IT,1658977993
rapid valley,44.0625,-103.1463,72.37,56,27,11.99,US,1658977994
katherine,-14.4667,132.2667,80.92,32,24,13.8,AU,1658977994
tornio,65.8481,24.1466,53.62,84,98,10.67,FI,1658977994
visnes,59.3556,5.2242,51.85,82,21,13.8,NO,1658977995
cap malheureux,-19.9842,57.6142,68.47,79,2,5.01,MU,1658977995
san clemente,33.427,-117.612,74.61,85,25,8.01,US,1658977996
coruripe,-10.1256,-36.1756,70.88,87,21,5.41,BR,1658977996
zhezkazgan,47.8043,67.7144,73.38,49,0,11.18,KZ,1658977978
vostok,46.4856,135.8833,82.63,50,49,4.76,RU,1658977996
shanhetun,44.7,127.2,85.93,61,100,5.39,CN,1658977997
khasan,42.4308,130.6434,74.73,83,58,9.33,RU,1658977997
inhambane,-23.865,35.3833,63.41,80,2,5.19,MZ,1658977871
netrakona,24.8833,90.7167,86.97,68,53,4.99,BD,1658977998
wynyard,-41.0,145.7167,50.97,62,100,9.01,AU,1658977998
okha,53.5739,142.9478,63.61,69,34,13.24,RU,1658977998
illapel,-31.6308,-71.1653,50.27,94,96,2.75,CL,1658977999
husum,54.4858,9.0524,57.97,57,99,8.43,DE,1658977999
bone,51.9669,12.1396,52.83,71,47,4.79,DE,1658977999
pemangkat,1.1667,108.9667,84.25,67,59,4.59,ID,1658978000
suruc,36.9761,38.425,80.47,21,0,6.49,TR,1658978000
makarska,43.2969,17.0178,73.4,75,100,5.28,HR,1658978001
ahuimanu,21.4447,-157.8378,83.91,65,0,14.97,US,1658978001
half moon bay,37.4636,-122.4286,71.91,83,100,21.85,US,1658978001
mogadishu,2.0371,45.3438,75.56,78,71,14.88,SO,1658978002
karagaylinskiy,54.172,86.5521,68.34,69,64,4.27,RU,1658978002
ayan,56.45,138.1667,59.61,86,38,11.07,RU,1658978002
ipixuna,-1.7625,-48.8043,74.86,89,87,3.51,BR,1658978003
namatanai,-3.6667,152.4333,85.1,67,74,12.68,PG,1658977943
kununurra,-15.7667,128.7333,78.78,18,5,13.8,AU,1658978003
garowe,8.4054,48.4845,71.62,63,71,24.4,SO,1658977904
smoky lake,54.1169,-112.4686,70.12,65,19,4.45,CA,1658978004
auki,-8.7676,160.7034,86.54,62,16,3.4,SB,1658978004
